id,password,last_login,is_superuser,username,last_name,email,is_staff,is_active,date_joined,first_name
195,dummy195,,0,username_195,,username_195@gmail.com,0,1,2019-11-03,
196,dummy196,,0,username_196,,username_196@gmail.com,0,1,2019-07-23,
197,dummy197,,0,username_197,,username_197@gmail.com,0,1,2019-07-20,
198,dummy198,,0,username_198,,username_198@gmail.com,0,1,2022-01-03,
199,dummy199,,0,username_199,,username_199@gmail.com,0,1,2011-08-07,
200,dummy200,,0,username_200,,username_200@gmail.com,0,1,2019-06-25,
201,dummy201,,0,username_201,,username_201@gmail.com,0,1,2012-07-09,
202,dummy202,,0,username_202,,username_202@gmail.com,0,1,2012-06-01,
203,dummy203,,0,username_203,,username_203@gmail.com,0,1,2016-10-26,
204,dummy204,,0,username_204,,username_204@gmail.com,0,1,2015-11-07,
205,dummy205,,0,username_205,,username_205@gmail.com,0,1,2014-10-20,
206,dummy206,,0,username_206,,username_206@gmail.com,0,1,2010-04-19,
207,dummy207,,0,username_207,,username_207@gmail.com,0,1,2019-04-30,
208,dummy208,,0,username_208,,username_208@gmail.com,0,1,2013-08-03,
209,dummy209,,0,username_209,,username_209@gmail.com,0,1,2022-02-03,
210,dummy210,,0,username_210,,username_210@gmail.com,0,1,2013-05-18,
211,dummy211,,0,username_211,,username_211@gmail.com,0,1,2022-10-24,
212,dummy212,,0,username_212,,username_212@gmail.com,0,1,2022-10-23,
213,dummy213,,0,username_213,,username_213@gmail.com,0,1,2021-11-04,
214,dummy214,,0,username_214,,username_214@gmail.com,0,1,2014-04-28,
215,dummy215,,0,username_215,,username_215@gmail.com,0,1,2014-09-14,
216,dummy216,,0,username_216,,username_216@gmail.com,0,1,2010-04-04,
217,dummy217,,0,username_217,,username_217@gmail.com,0,1,2013-01-20,
218,dummy218,,0,username_218,,username_218@gmail.com,0,1,2020-06-30,
219,dummy219,,0,username_219,,username_219@gmail.com,0,1,2021-09-25,
220,dummy220,,0,username_220,,username_220@gmail.com,0,1,2014-04-29,
221,dummy221,,0,username_221,,username_221@gmail.com,0,1,2010-01-22,
222,dummy222,,0,username_222,,username_222@gmail.com,0,1,2017-10-02,
223,dummy223,,0,username_223,,username_223@gmail.com,0,1,2019-06-30,
224,dummy224,,0,username_224,,username_224@gmail.com,0,1,2011-07-17,
225,dummy225,,0,username_225,,username_225@gmail.com,0,1,2015-05-26,
226,dummy226,,0,username_226,,username_226@gmail.com,0,1,2017-05-02,
227,dummy227,,0,username_227,,username_227@gmail.com,0,1,2018-10-22,
228,dummy228,,0,username_228,,username_228@gmail.com,0,1,2024-07-11,
229,dummy229,,0,username_229,,username_229@gmail.com,0,1,2021-04-06,
230,dummy230,,0,username_230,,username_230@gmail.com,0,1,2017-03-09,
231,dummy231,,0,username_231,,username_231@gmail.com,0,1,2015-04-14,
232,dummy232,,0,username_232,,username_232@gmail.com,0,1,2011-09-07,
233,dummy233,,0,username_233,,username_233@gmail.com,0,1,2024-12-15,
234,dummy234,,0,username_234,,username_234@gmail.com,0,1,2011-02-21,
235,dummy235,,0,username_235,,username_235@gmail.com,0,1,2013-01-13,
236,dummy236,,0,username_236,,username_236@gmail.com,0,1,2023-10-22,
237,dummy237,,0,username_237,,username_237@gmail.com,0,1,2013-05-03,
238,dummy238,,0,username_238,,username_238@gmail.com,0,1,2019-08-15,
239,dummy239,,0,username_239,,username_239@gmail.com,0,1,2013-02-13,
240,dummy240,,0,username_240,,username_240@gmail.com,0,1,2024-08-09,
241,dummy241,,0,username_241,,username_241@gmail.com,0,1,2015-04-10,
242,dummy242,,0,username_242,,username_242@gmail.com,0,1,2019-12-23,
243,dummy243,,0,username_243,,username_243@gmail.com,0,1,2022-12-27,
244,dummy244,,0,username_244,,username_244@gmail.com,0,1,2019-09-25,
245,dummy245,,0,username_245,,username_245@gmail.com,0,1,2015-09-04,
246,dummy246,,0,username_246,,username_246@gmail.com,0,1,2012-05-07,
247,dummy247,,0,username_247,,username_247@gmail.com,0,1,2017-12-06,
248,dummy248,,0,username_248,,username_248@gmail.com,0,1,2023-08-09,
249,dummy249,,0,username_249,,username_249@gmail.com,0,1,2012-06-07,
250,dummy250,,0,username_250,,username_250@gmail.com,0,1,2016-04-12,
251,dummy251,,0,username_251,,username_251@gmail.com,0,1,2014-09-24,
252,dummy252,,0,username_252,,username_252@gmail.com,0,1,2014-12-31,
253,dummy253,,0,username_253,,username_253@gmail.com,0,1,2011-08-10,
254,dummy254,,0,username_254,,username_254@gmail.com,0,1,2019-11-19,
255,dummy255,,0,username_255,,username_255@gmail.com,0,1,2017-10-22,
256,dummy256,,0,username_256,,username_256@gmail.com,0,1,2012-11-27,
257,dummy257,,0,username_257,,username_257@gmail.com,0,1,2015-03-07,
258,dummy258,,0,username_258,,username_258@gmail.com,0,1,2016-12-27,
259,dummy259,,0,username_259,,username_259@gmail.com,0,1,2011-11-23,
260,dummy260,,0,username_260,,username_260@gmail.com,0,1,2020-11-15,
261,dummy261,,0,username_261,,username_261@gmail.com,0,1,2012-11-03,
262,dummy262,,0,username_262,,username_262@gmail.com,0,1,2023-06-28,
263,dummy263,,0,username_263,,username_263@gmail.com,0,1,2011-09-19,
264,dummy264,,0,username_264,,username_264@gmail.com,0,1,2015-12-15,
265,dummy265,,0,username_265,,username_265@gmail.com,0,1,2012-01-22,
266,dummy266,,0,username_266,,username_266@gmail.com,0,1,2021-05-18,
267,dummy267,,0,username_267,,username_267@gmail.com,0,1,2022-03-14,
268,dummy268,,0,username_268,,username_268@gmail.com,0,1,2021-05-28,
269,dummy269,,0,username_269,,username_269@gmail.com,0,1,2022-09-01,
270,dummy270,,0,username_270,,username_270@gmail.com,0,1,2021-03-07,
271,dummy271,,0,username_271,,username_271@gmail.com,0,1,2020-12-27,
272,dummy272,,0,username_272,,username_272@gmail.com,0,1,2011-05-05,
273,dummy273,,0,username_273,,username_273@gmail.com,0,1,2022-09-03,
274,dummy274,,0,username_274,,username_274@gmail.com,0,1,2011-11-14,
275,dummy275,,0,username_275,,username_275@gmail.com,0,1,2011-08-28,
276,dummy276,,0,username_276,,username_276@gmail.com,0,1,2021-08-27,
277,dummy277,,0,username_277,,username_277@gmail.com,0,1,2022-01-21,
278,dummy278,,0,username_278,,username_278@gmail.com,0,1,2019-08-24,
279,dummy279,,0,username_279,,username_279@gmail.com,0,1,2019-08-07,
280,dummy280,,0,username_280,,username_280@gmail.com,0,1,2014-11-20,
281,dummy281,,0,username_281,,username_281@gmail.com,0,1,2012-09-30,
282,dummy282,,0,username_282,,username_282@gmail.com,0,1,2023-01-16,
283,dummy283,,0,username_283,,username_283@gmail.com,0,1,2021-09-01,
284,dummy284,,0,username_284,,username_284@gmail.com,0,1,2010-07-17,
285,dummy285,,0,username_285,,username_285@gmail.com,0,1,2010-10-04,
286,dummy286,,0,username_286,,username_286@gmail.com,0,1,2022-02-24,
287,dummy287,,0,username_287,,username_287@gmail.com,0,1,2023-06-15,
288,dummy288,,0,username_288,,username_288@gmail.com,0,1,2016-07-15,
289,dummy289,,0,username_289,,username_289@gmail.com,0,1,2011-10-14,
290,dummy290,,0,username_290,,username_290@gmail.com,0,1,2016-01-23,
291,dummy291,,0,username_291,,username_291@gmail.com,0,1,2019-01-14,
292,dummy292,,0,username_292,,username_292@gmail.com,0,1,2016-07-04,
293,dummy293,,0,username_293,,username_293@gmail.com,0,1,2020-01-03,
294,dummy294,,0,username_294,,username_294@gmail.com,0,1,2010-03-18,
295,dummy295,,0,username_295,,username_295@gmail.com,0,1,2016-09-18,
296,dummy296,,0,username_296,,username_296@gmail.com,0,1,2021-04-14,
297,dummy297,,0,username_297,,username_297@gmail.com,0,1,2014-01-01,
298,dummy298,,0,username_298,,username_298@gmail.com,0,1,2023-12-15,
299,dummy299,,0,username_299,,username_299@gmail.com,0,1,2019-12-12,
300,dummy300,,0,username_300,,username_300@gmail.com,0,1,2010-02-16,
301,dummy301,,0,username_301,,username_301@gmail.com,0,1,2020-12-31,
302,dummy302,,0,username_302,,username_302@gmail.com,0,1,2014-12-09,
303,dummy303,,0,username_303,,username_303@gmail.com,0,1,2011-04-07,
304,dummy304,,0,username_304,,username_304@gmail.com,0,1,2021-09-26,
305,dummy305,,0,username_305,,username_305@gmail.com,0,1,2010-03-06,
306,dummy306,,0,username_306,,username_306@gmail.com,0,1,2012-06-30,
307,dummy307,,0,username_307,,username_307@gmail.com,0,1,2023-08-02,
308,dummy308,,0,username_308,,username_308@gmail.com,0,1,2021-11-18,
309,dummy309,,0,username_309,,username_309@gmail.com,0,1,2011-08-18,
310,dummy310,,0,username_310,,username_310@gmail.com,0,1,2012-10-09,
311,dummy311,,0,username_311,,username_311@gmail.com,0,1,2015-03-27,
312,dummy312,,0,username_312,,username_312@gmail.com,0,1,2015-07-04,
313,dummy313,,0,username_313,,username_313@gmail.com,0,1,2018-03-20,
314,dummy314,,0,username_314,,username_314@gmail.com,0,1,2023-04-10,
315,dummy315,,0,username_315,,username_315@gmail.com,0,1,2010-03-21,
316,dummy316,,0,username_316,,username_316@gmail.com,0,1,2013-11-18,
317,dummy317,,0,username_317,,username_317@gmail.com,0,1,2013-05-09,
318,dummy318,,0,username_318,,username_318@gmail.com,0,1,2012-08-08,
319,dummy319,,0,username_319,,username_319@gmail.com,0,1,2024-02-15,
320,dummy320,,0,username_320,,username_320@gmail.com,0,1,2021-09-07,
321,dummy321,,0,username_321,,username_321@gmail.com,0,1,2021-03-23,
322,dummy322,,0,username_322,,username_322@gmail.com,0,1,2015-10-11,
323,dummy323,,0,username_323,,username_323@gmail.com,0,1,2012-09-27,
324,dummy324,,0,username_324,,username_324@gmail.com,0,1,2020-12-21,
325,dummy325,,0,username_325,,username_325@gmail.com,0,1,2015-01-12,
326,dummy326,,0,username_326,,username_326@gmail.com,0,1,2010-04-01,
327,dummy327,,0,username_327,,username_327@gmail.com,0,1,2024-01-23,
328,dummy328,,0,username_328,,username_328@gmail.com,0,1,2022-03-01,
329,dummy329,,0,username_329,,username_329@gmail.com,0,1,2018-09-22,
330,dummy330,,0,username_330,,username_330@gmail.com,0,1,2011-06-17,
331,dummy331,,0,username_331,,username_331@gmail.com,0,1,2019-04-16,
332,dummy332,,0,username_332,,username_332@gmail.com,0,1,2013-03-26,
333,dummy333,,0,username_333,,username_333@gmail.com,0,1,2010-01-18,
334,dummy334,,0,username_334,,username_334@gmail.com,0,1,2014-02-17,
335,dummy335,,0,username_335,,username_335@gmail.com,0,1,2019-03-31,
336,dummy336,,0,username_336,,username_336@gmail.com,0,1,2020-02-04,
337,dummy337,,0,username_337,,username_337@gmail.com,0,1,2024-12-19,
338,dummy338,,0,username_338,,username_338@gmail.com,0,1,2023-02-24,
339,dummy339,,0,username_339,,username_339@gmail.com,0,1,2018-01-20,
340,dummy340,,0,username_340,,username_340@gmail.com,0,1,2018-03-03,
341,dummy341,,0,username_341,,username_341@gmail.com,0,1,2017-08-25,
342,dummy342,,0,username_342,,username_342@gmail.com,0,1,2023-04-13,
343,dummy343,,0,username_343,,username_343@gmail.com,0,1,2017-05-28,
344,dummy344,,0,username_344,,username_344@gmail.com,0,1,2017-06-03,
345,dummy345,,0,username_345,,username_345@gmail.com,0,1,2012-04-19,
346,dummy346,,0,username_346,,username_346@gmail.com,0,1,2011-05-20,
347,dummy347,,0,username_347,,username_347@gmail.com,0,1,2018-04-14,
348,dummy348,,0,username_348,,username_348@gmail.com,0,1,2017-01-29,
349,dummy349,,0,username_349,,username_349@gmail.com,0,1,2023-12-19,
350,dummy350,,0,username_350,,username_350@gmail.com,0,1,2012-09-20,
351,dummy351,,0,username_351,,username_351@gmail.com,0,1,2015-11-17,
352,dummy352,,0,username_352,,username_352@gmail.com,0,1,2024-12-08,
353,dummy353,,0,username_353,,username_353@gmail.com,0,1,2016-02-26,
354,dummy354,,0,username_354,,username_354@gmail.com,0,1,2012-03-19,
355,dummy355,,0,username_355,,username_355@gmail.com,0,1,2011-01-19,
356,dummy356,,0,username_356,,username_356@gmail.com,0,1,2016-06-23,
357,dummy357,,0,username_357,,username_357@gmail.com,0,1,2016-12-19,
358,dummy358,,0,username_358,,username_358@gmail.com,0,1,2016-05-17,
359,dummy359,,0,username_359,,username_359@gmail.com,0,1,2010-01-11,
360,dummy360,,0,username_360,,username_360@gmail.com,0,1,2019-01-20,
361,dummy361,,0,username_361,,username_361@gmail.com,0,1,2019-05-16,
362,dummy362,,0,username_362,,username_362@gmail.com,0,1,2018-03-17,
363,dummy363,,0,username_363,,username_363@gmail.com,0,1,2016-04-07,
364,dummy364,,0,username_364,,username_364@gmail.com,0,1,2021-02-23,
365,dummy365,,0,username_365,,username_365@gmail.com,0,1,2024-02-07,
366,dummy366,,0,username_366,,username_366@gmail.com,0,1,2014-07-04,
367,dummy367,,0,username_367,,username_367@gmail.com,0,1,2014-11-17,
368,dummy368,,0,username_368,,username_368@gmail.com,0,1,2021-02-16,
369,dummy369,,0,username_369,,username_369@gmail.com,0,1,2018-06-10,
370,dummy370,,0,username_370,,username_370@gmail.com,0,1,2021-04-30,
371,dummy371,,0,username_371,,username_371@gmail.com,0,1,2022-10-09,
372,dummy372,,0,username_372,,username_372@gmail.com,0,1,2022-12-16,
373,dummy373,,0,username_373,,username_373@gmail.com,0,1,2018-10-11,
374,dummy374,,0,username_374,,username_374@gmail.com,0,1,2011-12-19,
375,dummy375,,0,username_375,,username_375@gmail.com,0,1,2020-07-04,
376,dummy376,,0,username_376,,username_376@gmail.com,0,1,2011-08-15,
377,dummy377,,0,username_377,,username_377@gmail.com,0,1,2023-07-22,
378,dummy378,,0,username_378,,username_378@gmail.com,0,1,2023-11-15,
379,dummy379,,0,username_379,,username_379@gmail.com,0,1,2012-06-16,
380,dummy380,,0,username_380,,username_380@gmail.com,0,1,2015-06-12,
381,dummy381,,0,username_381,,username_381@gmail.com,0,1,2017-07-14,
382,dummy382,,0,username_382,,username_382@gmail.com,0,1,2010-06-06,
383,dummy383,,0,username_383,,username_383@gmail.com,0,1,2020-03-22,
384,dummy384,,0,username_384,,username_384@gmail.com,0,1,2012-11-22,
385,dummy385,,0,username_385,,username_385@gmail.com,0,1,2021-02-28,
386,dummy386,,0,username_386,,username_386@gmail.com,0,1,2016-01-31,
387,dummy387,,0,username_387,,username_387@gmail.com,0,1,2011-11-30,
388,dummy388,,0,username_388,,username_388@gmail.com,0,1,2017-10-16,
389,dummy389,,0,username_389,,username_389@gmail.com,0,1,2011-08-06,
390,dummy390,,0,username_390,,username_390@gmail.com,0,1,2019-04-14,
391,dummy391,,0,username_391,,username_391@gmail.com,0,1,2011-01-02,
392,dummy392,,0,username_392,,username_392@gmail.com,0,1,2024-01-02,
393,dummy393,,0,username_393,,username_393@gmail.com,0,1,2024-09-09,
394,dummy394,,0,username_394,,username_394@gmail.com,0,1,2024-03-27,
395,dummy395,,0,username_395,,username_395@gmail.com,0,1,2015-02-15,
396,dummy396,,0,username_396,,username_396@gmail.com,0,1,2016-02-28,
397,dummy397,,0,username_397,,username_397@gmail.com,0,1,2024-06-30,
398,dummy398,,0,username_398,,username_398@gmail.com,0,1,2014-11-19,
399,dummy399,,0,username_399,,username_399@gmail.com,0,1,2016-07-20,
400,dummy400,,0,username_400,,username_400@gmail.com,0,1,2023-01-08,
401,dummy401,,0,username_401,,username_401@gmail.com,0,1,2017-07-10,
402,dummy402,,0,username_402,,username_402@gmail.com,0,1,2013-05-27,
403,dummy403,,0,username_403,,username_403@gmail.com,0,1,2017-08-09,
404,dummy404,,0,username_404,,username_404@gmail.com,0,1,2015-05-21,
405,dummy405,,0,username_405,,username_405@gmail.com,0,1,2018-11-02,
406,dummy406,,0,username_406,,username_406@gmail.com,0,1,2021-07-08,
407,dummy407,,0,username_407,,username_407@gmail.com,0,1,2010-08-28,
408,dummy408,,0,username_408,,username_408@gmail.com,0,1,2015-09-10,
409,dummy409,,0,username_409,,username_409@gmail.com,0,1,2012-10-31,
410,dummy410,,0,username_410,,username_410@gmail.com,0,1,2016-11-09,
411,dummy411,,0,username_411,,username_411@gmail.com,0,1,2021-10-21,
412,dummy412,,0,username_412,,username_412@gmail.com,0,1,2017-06-20,
413,dummy413,,0,username_413,,username_413@gmail.com,0,1,2023-01-28,
414,dummy414,,0,username_414,,username_414@gmail.com,0,1,2012-01-08,
415,dummy415,,0,username_415,,username_415@gmail.com,0,1,2021-11-25,
416,dummy416,,0,username_416,,username_416@gmail.com,0,1,2023-06-09,
417,dummy417,,0,username_417,,username_417@gmail.com,0,1,2013-06-21,
418,dummy418,,0,username_418,,username_418@gmail.com,0,1,2012-02-08,
419,dummy419,,0,username_419,,username_419@gmail.com,0,1,2010-11-25,
420,dummy420,,0,username_420,,username_420@gmail.com,0,1,2010-10-09,
421,dummy421,,0,username_421,,username_421@gmail.com,0,1,2010-07-02,
422,dummy422,,0,username_422,,username_422@gmail.com,0,1,2017-09-13,
423,dummy423,,0,username_423,,username_423@gmail.com,0,1,2024-01-18,
424,dummy424,,0,username_424,,username_424@gmail.com,0,1,2011-11-08,
425,dummy425,,0,username_425,,username_425@gmail.com,0,1,2017-10-21,
426,dummy426,,0,username_426,,username_426@gmail.com,0,1,2012-05-27,
427,dummy427,,0,username_427,,username_427@gmail.com,0,1,2024-08-29,
428,dummy428,,0,username_428,,username_428@gmail.com,0,1,2024-12-18,
429,dummy429,,0,username_429,,username_429@gmail.com,0,1,2011-01-30,
430,dummy430,,0,username_430,,username_430@gmail.com,0,1,2017-03-06,
431,dummy431,,0,username_431,,username_431@gmail.com,0,1,2010-09-18,
432,dummy432,,0,username_432,,username_432@gmail.com,0,1,2018-12-03,
433,dummy433,,0,username_433,,username_433@gmail.com,0,1,2018-05-11,
434,dummy434,,0,username_434,,username_434@gmail.com,0,1,2023-12-06,
435,dummy435,,0,username_435,,username_435@gmail.com,0,1,2017-06-17,
436,dummy436,,0,username_436,,username_436@gmail.com,0,1,2011-06-16,
437,dummy437,,0,username_437,,username_437@gmail.com,0,1,2018-05-21,
438,dummy438,,0,username_438,,username_438@gmail.com,0,1,2024-03-12,
439,dummy439,,0,username_439,,username_439@gmail.com,0,1,2021-10-21,
440,dummy440,,0,username_440,,username_440@gmail.com,0,1,2017-04-26,
441,dummy441,,0,username_441,,username_441@gmail.com,0,1,2020-06-17,
442,dummy442,,0,username_442,,username_442@gmail.com,0,1,2012-01-21,
443,dummy443,,0,username_443,,username_443@gmail.com,0,1,2020-09-20,
444,dummy444,,0,username_444,,username_444@gmail.com,0,1,2019-06-17,
445,dummy445,,0,username_445,,username_445@gmail.com,0,1,2017-04-24,
446,dummy446,,0,username_446,,username_446@gmail.com,0,1,2019-04-01,
447,dummy447,,0,username_447,,username_447@gmail.com,0,1,2019-06-10,
448,dummy448,,0,username_448,,username_448@gmail.com,0,1,2013-01-24,
449,dummy449,,0,username_449,,username_449@gmail.com,0,1,2021-12-18,
450,dummy450,,0,username_450,,username_450@gmail.com,0,1,2020-10-23,
451,dummy451,,0,username_451,,username_451@gmail.com,0,1,2023-05-20,
452,dummy452,,0,username_452,,username_452@gmail.com,0,1,2020-02-14,
453,dummy453,,0,username_453,,username_453@gmail.com,0,1,2011-02-18,
454,dummy454,,0,username_454,,username_454@gmail.com,0,1,2014-03-06,
455,dummy455,,0,username_455,,username_455@gmail.com,0,1,2010-08-08,
456,dummy456,,0,username_456,,username_456@gmail.com,0,1,2015-11-27,
457,dummy457,,0,username_457,,username_457@gmail.com,0,1,2012-03-01,
458,dummy458,,0,username_458,,username_458@gmail.com,0,1,2011-01-28,
459,dummy459,,0,username_459,,username_459@gmail.com,0,1,2017-07-18,
460,dummy460,,0,username_460,,username_460@gmail.com,0,1,2020-07-08,
461,dummy461,,0,username_461,,username_461@gmail.com,0,1,2019-06-01,
462,dummy462,,0,username_462,,username_462@gmail.com,0,1,2018-12-28,
463,dummy463,,0,username_463,,username_463@gmail.com,0,1,2014-01-20,
464,dummy464,,0,username_464,,username_464@gmail.com,0,1,2010-03-16,
465,dummy465,,0,username_465,,username_465@gmail.com,0,1,2020-09-15,
466,dummy466,,0,username_466,,username_466@gmail.com,0,1,2018-05-30,
467,dummy467,,0,username_467,,username_467@gmail.com,0,1,2024-12-17,
468,dummy468,,0,username_468,,username_468@gmail.com,0,1,2017-08-21,
469,dummy469,,0,username_469,,username_469@gmail.com,0,1,2017-05-25,
470,dummy470,,0,username_470,,username_470@gmail.com,0,1,2015-09-09,
471,dummy471,,0,username_471,,username_471@gmail.com,0,1,2011-10-01,
472,dummy472,,0,username_472,,username_472@gmail.com,0,1,2022-08-09,
473,dummy473,,0,username_473,,username_473@gmail.com,0,1,2018-08-20,
474,dummy474,,0,username_474,,username_474@gmail.com,0,1,2021-11-23,
475,dummy475,,0,username_475,,username_475@gmail.com,0,1,2024-04-19,
476,dummy476,,0,username_476,,username_476@gmail.com,0,1,2015-04-22,
477,dummy477,,0,username_477,,username_477@gmail.com,0,1,2012-02-19,
478,dummy478,,0,username_478,,username_478@gmail.com,0,1,2010-11-19,
479,dummy479,,0,username_479,,username_479@gmail.com,0,1,2017-11-06,
480,dummy480,,0,username_480,,username_480@gmail.com,0,1,2024-01-26,
481,dummy481,,0,username_481,,username_481@gmail.com,0,1,2019-09-20,
482,dummy482,,0,username_482,,username_482@gmail.com,0,1,2011-11-23,
483,dummy483,,0,username_483,,username_483@gmail.com,0,1,2024-08-07,
484,dummy484,,0,username_484,,username_484@gmail.com,0,1,2018-04-06,
485,dummy485,,0,username_485,,username_485@gmail.com,0,1,2020-01-09,
486,dummy486,,0,username_486,,username_486@gmail.com,0,1,2021-02-08,
487,dummy487,,0,username_487,,username_487@gmail.com,0,1,2021-05-15,
488,dummy488,,0,username_488,,username_488@gmail.com,0,1,2010-05-10,
489,dummy489,,0,username_489,,username_489@gmail.com,0,1,2024-11-29,
490,dummy490,,0,username_490,,username_490@gmail.com,0,1,2015-06-19,
491,dummy491,,0,username_491,,username_491@gmail.com,0,1,2012-04-30,
492,dummy492,,0,username_492,,username_492@gmail.com,0,1,2011-10-29,
493,dummy493,,0,username_493,,username_493@gmail.com,0,1,2014-05-30,
494,dummy494,,0,username_494,,username_494@gmail.com,0,1,2023-08-19,
495,dummy495,,0,username_495,,username_495@gmail.com,0,1,2019-07-23,
496,dummy496,,0,username_496,,username_496@gmail.com,0,1,2020-09-17,
497,dummy497,,0,username_497,,username_497@gmail.com,0,1,2012-01-16,
498,dummy498,,0,username_498,,username_498@gmail.com,0,1,2013-05-03,
499,dummy499,,0,username_499,,username_499@gmail.com,0,1,2017-03-07,
500,dummy500,,0,username_500,,username_500@gmail.com,0,1,2012-03-01,
501,dummy501,,0,username_501,,username_501@gmail.com,0,1,2010-03-11,
502,dummy502,,0,username_502,,username_502@gmail.com,0,1,2018-11-05,
503,dummy503,,0,username_503,,username_503@gmail.com,0,1,2013-08-20,
504,dummy504,,0,username_504,,username_504@gmail.com,0,1,2010-08-30,
505,dummy505,,0,username_505,,username_505@gmail.com,0,1,2014-06-13,
506,dummy506,,0,username_506,,username_506@gmail.com,0,1,2021-02-06,
507,dummy507,,0,username_507,,username_507@gmail.com,0,1,2018-01-22,
508,dummy508,,0,username_508,,username_508@gmail.com,0,1,2011-10-23,
509,dummy509,,0,username_509,,username_509@gmail.com,0,1,2010-05-27,
510,dummy510,,0,username_510,,username_510@gmail.com,0,1,2024-06-27,
511,dummy511,,0,username_511,,username_511@gmail.com,0,1,2019-08-30,
512,dummy512,,0,username_512,,username_512@gmail.com,0,1,2010-06-09,
513,dummy513,,0,username_513,,username_513@gmail.com,0,1,2020-02-15,
514,dummy514,,0,username_514,,username_514@gmail.com,0,1,2011-04-16,
515,dummy515,,0,username_515,,username_515@gmail.com,0,1,2010-10-05,
516,dummy516,,0,username_516,,username_516@gmail.com,0,1,2013-04-29,
517,dummy517,,0,username_517,,username_517@gmail.com,0,1,2021-06-19,
518,dummy518,,0,username_518,,username_518@gmail.com,0,1,2021-04-27,
519,dummy519,,0,username_519,,username_519@gmail.com,0,1,2013-08-30,
520,dummy520,,0,username_520,,username_520@gmail.com,0,1,2016-11-11,
521,dummy521,,0,username_521,,username_521@gmail.com,0,1,2011-09-10,
522,dummy522,,0,username_522,,username_522@gmail.com,0,1,2012-07-17,
523,dummy523,,0,username_523,,username_523@gmail.com,0,1,2021-03-26,
524,dummy524,,0,username_524,,username_524@gmail.com,0,1,2022-12-29,
525,dummy525,,0,username_525,,username_525@gmail.com,0,1,2019-07-31,
526,dummy526,,0,username_526,,username_526@gmail.com,0,1,2019-04-26,
527,dummy527,,0,username_527,,username_527@gmail.com,0,1,2024-04-10,
528,dummy528,,0,username_528,,username_528@gmail.com,0,1,2024-01-24,
529,dummy529,,0,username_529,,username_529@gmail.com,0,1,2014-10-31,
530,dummy530,,0,username_530,,username_530@gmail.com,0,1,2021-03-13,
531,dummy531,,0,username_531,,username_531@gmail.com,0,1,2011-11-13,
532,dummy532,,0,username_532,,username_532@gmail.com,0,1,2017-10-30,
533,dummy533,,0,username_533,,username_533@gmail.com,0,1,2013-02-16,
534,dummy534,,0,username_534,,username_534@gmail.com,0,1,2016-02-04,
535,dummy535,,0,username_535,,username_535@gmail.com,0,1,2018-06-12,
536,dummy536,,0,username_536,,username_536@gmail.com,0,1,2012-07-19,
537,dummy537,,0,username_537,,username_537@gmail.com,0,1,2022-10-17,
538,dummy538,,0,username_538,,username_538@gmail.com,0,1,2021-12-15,
539,dummy539,,0,username_539,,username_539@gmail.com,0,1,2017-06-19,
540,dummy540,,0,username_540,,username_540@gmail.com,0,1,2016-10-06,
541,dummy541,,0,username_541,,username_541@gmail.com,0,1,2022-01-05,
542,dummy542,,0,username_542,,username_542@gmail.com,0,1,2023-03-15,
543,dummy543,,0,username_543,,username_543@gmail.com,0,1,2012-09-27,
544,dummy544,,0,username_544,,username_544@gmail.com,0,1,2010-07-03,
545,dummy545,,0,username_545,,username_545@gmail.com,0,1,2016-11-28,
546,dummy546,,0,username_546,,username_546@gmail.com,0,1,2011-02-18,
547,dummy547,,0,username_547,,username_547@gmail.com,0,1,2012-04-07,
548,dummy548,,0,username_548,,username_548@gmail.com,0,1,2024-10-28,
549,dummy549,,0,username_549,,username_549@gmail.com,0,1,2014-06-18,
550,dummy550,,0,username_550,,username_550@gmail.com,0,1,2024-12-25,
551,dummy551,,0,username_551,,username_551@gmail.com,0,1,2019-01-25,
552,dummy552,,0,username_552,,username_552@gmail.com,0,1,2016-02-20,
553,dummy553,,0,username_553,,username_553@gmail.com,0,1,2010-04-17,
554,dummy554,,0,username_554,,username_554@gmail.com,0,1,2020-05-10,
555,dummy555,,0,username_555,,username_555@gmail.com,0,1,2017-05-25,
556,dummy556,,0,username_556,,username_556@gmail.com,0,1,2021-02-14,
557,dummy557,,0,username_557,,username_557@gmail.com,0,1,2020-10-14,
558,dummy558,,0,username_558,,username_558@gmail.com,0,1,2024-02-05,
559,dummy559,,0,username_559,,username_559@gmail.com,0,1,2022-03-26,
560,dummy560,,0,username_560,,username_560@gmail.com,0,1,2020-02-09,
561,dummy561,,0,username_561,,username_561@gmail.com,0,1,2017-09-18,
562,dummy562,,0,username_562,,username_562@gmail.com,0,1,2014-01-10,
563,dummy563,,0,username_563,,username_563@gmail.com,0,1,2014-02-14,
564,dummy564,,0,username_564,,username_564@gmail.com,0,1,2014-01-08,
565,dummy565,,0,username_565,,username_565@gmail.com,0,1,2017-12-22,
566,dummy566,,0,username_566,,username_566@gmail.com,0,1,2014-08-18,
567,dummy567,,0,username_567,,username_567@gmail.com,0,1,2011-05-28,
568,dummy568,,0,username_568,,username_568@gmail.com,0,1,2010-09-13,
569,dummy569,,0,username_569,,username_569@gmail.com,0,1,2011-12-14,
570,dummy570,,0,username_570,,username_570@gmail.com,0,1,2014-02-05,
571,dummy571,,0,username_571,,username_571@gmail.com,0,1,2019-04-15,
572,dummy572,,0,username_572,,username_572@gmail.com,0,1,2019-02-09,
573,dummy573,,0,username_573,,username_573@gmail.com,0,1,2014-10-31,
574,dummy574,,0,username_574,,username_574@gmail.com,0,1,2019-07-19,
575,dummy575,,0,username_575,,username_575@gmail.com,0,1,2016-09-18,
576,dummy576,,0,username_576,,username_576@gmail.com,0,1,2010-02-26,
577,dummy577,,0,username_577,,username_577@gmail.com,0,1,2022-07-12,
578,dummy578,,0,username_578,,username_578@gmail.com,0,1,2015-06-29,
579,dummy579,,0,username_579,,username_579@gmail.com,0,1,2019-09-19,
580,dummy580,,0,username_580,,username_580@gmail.com,0,1,2013-09-11,
581,dummy581,,0,username_581,,username_581@gmail.com,0,1,2012-08-27,
582,dummy582,,0,username_582,,username_582@gmail.com,0,1,2011-04-08,
583,dummy583,,0,username_583,,username_583@gmail.com,0,1,2011-07-15,
584,dummy584,,0,username_584,,username_584@gmail.com,0,1,2011-09-06,
585,dummy585,,0,username_585,,username_585@gmail.com,0,1,2017-06-16,
586,dummy586,,0,username_586,,username_586@gmail.com,0,1,2020-08-11,
587,dummy587,,0,username_587,,username_587@gmail.com,0,1,2021-02-04,
588,dummy588,,0,username_588,,username_588@gmail.com,0,1,2022-12-23,
589,dummy589,,0,username_589,,username_589@gmail.com,0,1,2019-11-04,
590,dummy590,,0,username_590,,username_590@gmail.com,0,1,2024-06-11,
591,dummy591,,0,username_591,,username_591@gmail.com,0,1,2021-03-01,
592,dummy592,,0,username_592,,username_592@gmail.com,0,1,2011-08-19,
593,dummy593,,0,username_593,,username_593@gmail.com,0,1,2019-12-12,
594,dummy594,,0,username_594,,username_594@gmail.com,0,1,2010-11-29,
595,dummy595,,0,username_595,,username_595@gmail.com,0,1,2017-01-31,
596,dummy596,,0,username_596,,username_596@gmail.com,0,1,2024-11-02,
597,dummy597,,0,username_597,,username_597@gmail.com,0,1,2024-12-13,
598,dummy598,,0,username_598,,username_598@gmail.com,0,1,2015-02-09,
599,dummy599,,0,username_599,,username_599@gmail.com,0,1,2018-05-14,
600,dummy600,,0,username_600,,username_600@gmail.com,0,1,2022-06-01,
601,dummy601,,0,username_601,,username_601@gmail.com,0,1,2020-08-20,
602,dummy602,,0,username_602,,username_602@gmail.com,0,1,2013-08-24,
603,dummy603,,0,username_603,,username_603@gmail.com,0,1,2014-05-14,
604,dummy604,,0,username_604,,username_604@gmail.com,0,1,2018-08-13,
605,dummy605,,0,username_605,,username_605@gmail.com,0,1,2013-05-06,
606,dummy606,,0,username_606,,username_606@gmail.com,0,1,2019-12-01,
607,dummy607,,0,username_607,,username_607@gmail.com,0,1,2016-01-31,
608,dummy608,,0,username_608,,username_608@gmail.com,0,1,2015-11-03,
609,dummy609,,0,username_609,,username_609@gmail.com,0,1,2013-01-19,
610,dummy610,,0,username_610,,username_610@gmail.com,0,1,2019-05-12,
611,dummy611,,0,username_611,,username_611@gmail.com,0,1,2013-10-30,
612,dummy612,,0,username_612,,username_612@gmail.com,0,1,2020-07-21,
613,dummy613,,0,username_613,,username_613@gmail.com,0,1,2016-09-16,
614,dummy614,,0,username_614,,username_614@gmail.com,0,1,2014-08-20,
615,dummy615,,0,username_615,,username_615@gmail.com,0,1,2011-09-25,
616,dummy616,,0,username_616,,username_616@gmail.com,0,1,2013-06-20,
617,dummy617,,0,username_617,,username_617@gmail.com,0,1,2019-06-28,
618,dummy618,,0,username_618,,username_618@gmail.com,0,1,2024-08-27,
619,dummy619,,0,username_619,,username_619@gmail.com,0,1,2016-03-20,
620,dummy620,,0,username_620,,username_620@gmail.com,0,1,2016-09-28,
621,dummy621,,0,username_621,,username_621@gmail.com,0,1,2017-05-22,
622,dummy622,,0,username_622,,username_622@gmail.com,0,1,2023-08-10,
623,dummy623,,0,username_623,,username_623@gmail.com,0,1,2011-08-30,
624,dummy624,,0,username_624,,username_624@gmail.com,0,1,2021-06-13,
625,dummy625,,0,username_625,,username_625@gmail.com,0,1,2020-03-11,
626,dummy626,,0,username_626,,username_626@gmail.com,0,1,2021-07-28,
627,dummy627,,0,username_627,,username_627@gmail.com,0,1,2010-02-21,
628,dummy628,,0,username_628,,username_628@gmail.com,0,1,2019-03-03,
629,dummy629,,0,username_629,,username_629@gmail.com,0,1,2016-07-28,
630,dummy630,,0,username_630,,username_630@gmail.com,0,1,2022-09-25,
631,dummy631,,0,username_631,,username_631@gmail.com,0,1,2018-08-26,
632,dummy632,,0,username_632,,username_632@gmail.com,0,1,2016-04-29,
633,dummy633,,0,username_633,,username_633@gmail.com,0,1,2010-02-25,
634,dummy634,,0,username_634,,username_634@gmail.com,0,1,2024-05-01,
635,dummy635,,0,username_635,,username_635@gmail.com,0,1,2014-12-31,
636,dummy636,,0,username_636,,username_636@gmail.com,0,1,2015-08-14,
637,dummy637,,0,username_637,,username_637@gmail.com,0,1,2020-06-12,
638,dummy638,,0,username_638,,username_638@gmail.com,0,1,2015-02-21,
639,dummy639,,0,username_639,,username_639@gmail.com,0,1,2013-11-05,
640,dummy640,,0,username_640,,username_640@gmail.com,0,1,2023-07-13,
641,dummy641,,0,username_641,,username_641@gmail.com,0,1,2014-02-07,
642,dummy642,,0,username_642,,username_642@gmail.com,0,1,2022-11-01,
643,dummy643,,0,username_643,,username_643@gmail.com,0,1,2015-11-23,
644,dummy644,,0,username_644,,username_644@gmail.com,0,1,2015-06-26,
645,dummy645,,0,username_645,,username_645@gmail.com,0,1,2011-02-28,
646,dummy646,,0,username_646,,username_646@gmail.com,0,1,2014-02-23,
647,dummy647,,0,username_647,,username_647@gmail.com,0,1,2011-08-05,
648,dummy648,,0,username_648,,username_648@gmail.com,0,1,2014-10-30,
649,dummy649,,0,username_649,,username_649@gmail.com,0,1,2011-09-26,
650,dummy650,,0,username_650,,username_650@gmail.com,0,1,2014-03-05,
651,dummy651,,0,username_651,,username_651@gmail.com,0,1,2011-03-24,
652,dummy652,,0,username_652,,username_652@gmail.com,0,1,2011-11-10,
653,dummy653,,0,username_653,,username_653@gmail.com,0,1,2025-01-06,
654,dummy654,,0,username_654,,username_654@gmail.com,0,1,2018-07-11,
655,dummy655,,0,username_655,,username_655@gmail.com,0,1,2013-11-20,
656,dummy656,,0,username_656,,username_656@gmail.com,0,1,2010-08-27,
657,dummy657,,0,username_657,,username_657@gmail.com,0,1,2020-08-05,
658,dummy658,,0,username_658,,username_658@gmail.com,0,1,2013-01-28,
659,dummy659,,0,username_659,,username_659@gmail.com,0,1,2017-12-10,
660,dummy660,,0,username_660,,username_660@gmail.com,0,1,2024-07-16,
661,dummy661,,0,username_661,,username_661@gmail.com,0,1,2020-12-02,
662,dummy662,,0,username_662,,username_662@gmail.com,0,1,2018-09-17,
663,dummy663,,0,username_663,,username_663@gmail.com,0,1,2015-02-18,
664,dummy664,,0,username_664,,username_664@gmail.com,0,1,2022-08-30,
665,dummy665,,0,username_665,,username_665@gmail.com,0,1,2015-02-03,
666,dummy666,,0,username_666,,username_666@gmail.com,0,1,2021-09-02,
667,dummy667,,0,username_667,,username_667@gmail.com,0,1,2023-01-31,
668,dummy668,,0,username_668,,username_668@gmail.com,0,1,2019-09-03,
669,dummy669,,0,username_669,,username_669@gmail.com,0,1,2015-05-25,
670,dummy670,,0,username_670,,username_670@gmail.com,0,1,2022-03-30,
671,dummy671,,0,username_671,,username_671@gmail.com,0,1,2019-10-25,
672,dummy672,,0,username_672,,username_672@gmail.com,0,1,2021-11-20,
673,dummy673,,0,username_673,,username_673@gmail.com,0,1,2019-05-10,
674,dummy674,,0,username_674,,username_674@gmail.com,0,1,2011-08-12,
675,dummy675,,0,username_675,,username_675@gmail.com,0,1,2012-08-22,
676,dummy676,,0,username_676,,username_676@gmail.com,0,1,2013-05-15,
677,dummy677,,0,username_677,,username_677@gmail.com,0,1,2014-11-24,
678,dummy678,,0,username_678,,username_678@gmail.com,0,1,2024-11-07,
679,dummy679,,0,username_679,,username_679@gmail.com,0,1,2024-12-19,
680,dummy680,,0,username_680,,username_680@gmail.com,0,1,2015-06-16,
681,dummy681,,0,username_681,,username_681@gmail.com,0,1,2020-05-11,
682,dummy682,,0,username_682,,username_682@gmail.com,0,1,2022-02-15,
683,dummy683,,0,username_683,,username_683@gmail.com,0,1,2011-03-14,
684,dummy684,,0,username_684,,username_684@gmail.com,0,1,2016-02-03,
685,dummy685,,0,username_685,,username_685@gmail.com,0,1,2022-07-07,
686,dummy686,,0,username_686,,username_686@gmail.com,0,1,2021-10-08,
687,dummy687,,0,username_687,,username_687@gmail.com,0,1,2021-04-03,
688,dummy688,,0,username_688,,username_688@gmail.com,0,1,2024-12-04,
689,dummy689,,0,username_689,,username_689@gmail.com,0,1,2011-08-19,
690,dummy690,,0,username_690,,username_690@gmail.com,0,1,2010-10-10,
691,dummy691,,0,username_691,,username_691@gmail.com,0,1,2011-07-08,
692,dummy692,,0,username_692,,username_692@gmail.com,0,1,2020-05-21,
693,dummy693,,0,username_693,,username_693@gmail.com,0,1,2021-12-14,
694,dummy694,,0,username_694,,username_694@gmail.com,0,1,2013-10-14,
695,dummy695,,0,username_695,,username_695@gmail.com,0,1,2010-12-07,
696,dummy696,,0,username_696,,username_696@gmail.com,0,1,2018-03-30,
697,dummy697,,0,username_697,,username_697@gmail.com,0,1,2015-10-22,
698,dummy698,,0,username_698,,username_698@gmail.com,0,1,2020-10-08,
699,dummy699,,0,username_699,,username_699@gmail.com,0,1,2013-05-11,
700,dummy700,,0,username_700,,username_700@gmail.com,0,1,2022-03-25,
701,dummy701,,0,username_701,,username_701@gmail.com,0,1,2018-06-03,
702,dummy702,,0,username_702,,username_702@gmail.com,0,1,2014-12-23,
703,dummy703,,0,username_703,,username_703@gmail.com,0,1,2015-05-28,
704,dummy704,,0,username_704,,username_704@gmail.com,0,1,2017-10-05,
705,dummy705,,0,username_705,,username_705@gmail.com,0,1,2022-12-29,
706,dummy706,,0,username_706,,username_706@gmail.com,0,1,2017-01-21,
707,dummy707,,0,username_707,,username_707@gmail.com,0,1,2022-09-09,
708,dummy708,,0,username_708,,username_708@gmail.com,0,1,2021-07-20,
709,dummy709,,0,username_709,,username_709@gmail.com,0,1,2011-03-05,
710,dummy710,,0,username_710,,username_710@gmail.com,0,1,2014-06-17,
711,dummy711,,0,username_711,,username_711@gmail.com,0,1,2018-12-16,
712,dummy712,,0,username_712,,username_712@gmail.com,0,1,2019-06-10,
713,dummy713,,0,username_713,,username_713@gmail.com,0,1,2024-10-06,
714,dummy714,,0,username_714,,username_714@gmail.com,0,1,2018-05-26,
715,dummy715,,0,username_715,,username_715@gmail.com,0,1,2018-01-26,
716,dummy716,,0,username_716,,username_716@gmail.com,0,1,2014-01-03,
717,dummy717,,0,username_717,,username_717@gmail.com,0,1,2016-06-30,
718,dummy718,,0,username_718,,username_718@gmail.com,0,1,2015-08-23,
719,dummy719,,0,username_719,,username_719@gmail.com,0,1,2020-12-28,
720,dummy720,,0,username_720,,username_720@gmail.com,0,1,2024-12-21,
721,dummy721,,0,username_721,,username_721@gmail.com,0,1,2016-04-29,
722,dummy722,,0,username_722,,username_722@gmail.com,0,1,2016-08-05,
723,dummy723,,0,username_723,,username_723@gmail.com,0,1,2011-10-18,
724,dummy724,,0,username_724,,username_724@gmail.com,0,1,2019-07-21,
725,dummy725,,0,username_725,,username_725@gmail.com,0,1,2010-10-04,
726,dummy726,,0,username_726,,username_726@gmail.com,0,1,2011-07-03,
727,dummy727,,0,username_727,,username_727@gmail.com,0,1,2021-09-10,
728,dummy728,,0,username_728,,username_728@gmail.com,0,1,2018-03-10,
729,dummy729,,0,username_729,,username_729@gmail.com,0,1,2019-10-21,
730,dummy730,,0,username_730,,username_730@gmail.com,0,1,2022-04-30,
731,dummy731,,0,username_731,,username_731@gmail.com,0,1,2023-04-18,
732,dummy732,,0,username_732,,username_732@gmail.com,0,1,2015-02-22,
733,dummy733,,0,username_733,,username_733@gmail.com,0,1,2017-02-19,
734,dummy734,,0,username_734,,username_734@gmail.com,0,1,2010-09-01,
735,dummy735,,0,username_735,,username_735@gmail.com,0,1,2016-09-29,
736,dummy736,,0,username_736,,username_736@gmail.com,0,1,2016-10-13,
737,dummy737,,0,username_737,,username_737@gmail.com,0,1,2020-11-23,
738,dummy738,,0,username_738,,username_738@gmail.com,0,1,2017-05-15,
739,dummy739,,0,username_739,,username_739@gmail.com,0,1,2014-11-04,
740,dummy740,,0,username_740,,username_740@gmail.com,0,1,2021-08-08,
741,dummy741,,0,username_741,,username_741@gmail.com,0,1,2023-03-21,
742,dummy742,,0,username_742,,username_742@gmail.com,0,1,2014-03-28,
743,dummy743,,0,username_743,,username_743@gmail.com,0,1,2021-12-16,
744,dummy744,,0,username_744,,username_744@gmail.com,0,1,2019-09-25,
745,dummy745,,0,username_745,,username_745@gmail.com,0,1,2016-10-11,
746,dummy746,,0,username_746,,username_746@gmail.com,0,1,2010-05-08,
747,dummy747,,0,username_747,,username_747@gmail.com,0,1,2022-11-30,
748,dummy748,,0,username_748,,username_748@gmail.com,0,1,2016-06-27,
749,dummy749,,0,username_749,,username_749@gmail.com,0,1,2014-11-02,
750,dummy750,,0,username_750,,username_750@gmail.com,0,1,2021-05-05,
751,dummy751,,0,username_751,,username_751@gmail.com,0,1,2013-02-20,
752,dummy752,,0,username_752,,username_752@gmail.com,0,1,2015-02-04,
753,dummy753,,0,username_753,,username_753@gmail.com,0,1,2018-09-22,
754,dummy754,,0,username_754,,username_754@gmail.com,0,1,2010-04-02,
755,dummy755,,0,username_755,,username_755@gmail.com,0,1,2020-10-04,
756,dummy756,,0,username_756,,username_756@gmail.com,0,1,2011-06-28,
757,dummy757,,0,username_757,,username_757@gmail.com,0,1,2023-06-29,
758,dummy758,,0,username_758,,username_758@gmail.com,0,1,2016-12-05,
759,dummy759,,0,username_759,,username_759@gmail.com,0,1,2012-08-13,
760,dummy760,,0,username_760,,username_760@gmail.com,0,1,2021-10-05,
761,dummy761,,0,username_761,,username_761@gmail.com,0,1,2011-09-30,
762,dummy762,,0,username_762,,username_762@gmail.com,0,1,2011-07-06,
763,dummy763,,0,username_763,,username_763@gmail.com,0,1,2012-06-08,
764,dummy764,,0,username_764,,username_764@gmail.com,0,1,2011-02-22,
765,dummy765,,0,username_765,,username_765@gmail.com,0,1,2021-05-25,
766,dummy766,,0,username_766,,username_766@gmail.com,0,1,2013-11-26,
767,dummy767,,0,username_767,,username_767@gmail.com,0,1,2019-12-24,
768,dummy768,,0,username_768,,username_768@gmail.com,0,1,2020-08-31,
769,dummy769,,0,username_769,,username_769@gmail.com,0,1,2020-05-11,
770,dummy770,,0,username_770,,username_770@gmail.com,0,1,2020-09-17,
771,dummy771,,0,username_771,,username_771@gmail.com,0,1,2022-12-14,
772,dummy772,,0,username_772,,username_772@gmail.com,0,1,2021-09-27,
773,dummy773,,0,username_773,,username_773@gmail.com,0,1,2018-06-20,
774,dummy774,,0,username_774,,username_774@gmail.com,0,1,2022-04-09,
775,dummy775,,0,username_775,,username_775@gmail.com,0,1,2024-12-25,
776,dummy776,,0,username_776,,username_776@gmail.com,0,1,2015-06-09,
777,dummy777,,0,username_777,,username_777@gmail.com,0,1,2022-12-21,
778,dummy778,,0,username_778,,username_778@gmail.com,0,1,2019-11-01,
779,dummy779,,0,username_779,,username_779@gmail.com,0,1,2016-08-13,
780,dummy780,,0,username_780,,username_780@gmail.com,0,1,2012-05-14,
781,dummy781,,0,username_781,,username_781@gmail.com,0,1,2011-07-02,
782,dummy782,,0,username_782,,username_782@gmail.com,0,1,2011-09-08,
783,dummy783,,0,username_783,,username_783@gmail.com,0,1,2020-08-24,
784,dummy784,,0,username_784,,username_784@gmail.com,0,1,2010-10-04,
785,dummy785,,0,username_785,,username_785@gmail.com,0,1,2024-02-02,
786,dummy786,,0,username_786,,username_786@gmail.com,0,1,2010-06-04,
787,dummy787,,0,username_787,,username_787@gmail.com,0,1,2020-10-20,
788,dummy788,,0,username_788,,username_788@gmail.com,0,1,2020-01-10,
789,dummy789,,0,username_789,,username_789@gmail.com,0,1,2020-08-28,
790,dummy790,,0,username_790,,username_790@gmail.com,0,1,2016-10-11,
791,dummy791,,0,username_791,,username_791@gmail.com,0,1,2022-09-16,
792,dummy792,,0,username_792,,username_792@gmail.com,0,1,2012-03-06,
793,dummy793,,0,username_793,,username_793@gmail.com,0,1,2013-06-19,
794,dummy794,,0,username_794,,username_794@gmail.com,0,1,2012-06-04,
795,dummy795,,0,username_795,,username_795@gmail.com,0,1,2018-09-08,
796,dummy796,,0,username_796,,username_796@gmail.com,0,1,2022-07-08,
797,dummy797,,0,username_797,,username_797@gmail.com,0,1,2011-04-14,
798,dummy798,,0,username_798,,username_798@gmail.com,0,1,2023-08-22,
799,dummy799,,0,username_799,,username_799@gmail.com,0,1,2021-03-09,
800,dummy800,,0,username_800,,username_800@gmail.com,0,1,2022-06-18,
801,dummy801,,0,username_801,,username_801@gmail.com,0,1,2014-11-18,
802,dummy802,,0,username_802,,username_802@gmail.com,0,1,2010-02-12,
803,dummy803,,0,username_803,,username_803@gmail.com,0,1,2010-07-10,
804,dummy804,,0,username_804,,username_804@gmail.com,0,1,2024-09-26,
805,dummy805,,0,username_805,,username_805@gmail.com,0,1,2023-10-15,
806,dummy806,,0,username_806,,username_806@gmail.com,0,1,2014-06-06,
807,dummy807,,0,username_807,,username_807@gmail.com,0,1,2013-02-12,
808,dummy808,,0,username_808,,username_808@gmail.com,0,1,2022-09-14,
809,dummy809,,0,username_809,,username_809@gmail.com,0,1,2012-03-05,
810,dummy810,,0,username_810,,username_810@gmail.com,0,1,2013-03-05,
811,dummy811,,0,username_811,,username_811@gmail.com,0,1,2013-05-14,
812,dummy812,,0,username_812,,username_812@gmail.com,0,1,2015-03-24,
813,dummy813,,0,username_813,,username_813@gmail.com,0,1,2016-08-07,
814,dummy814,,0,username_814,,username_814@gmail.com,0,1,2024-04-18,
815,dummy815,,0,username_815,,username_815@gmail.com,0,1,2022-12-18,
816,dummy816,,0,username_816,,username_816@gmail.com,0,1,2024-05-28,
817,dummy817,,0,username_817,,username_817@gmail.com,0,1,2011-01-30,
818,dummy818,,0,username_818,,username_818@gmail.com,0,1,2011-04-08,
819,dummy819,,0,username_819,,username_819@gmail.com,0,1,2022-04-16,
820,dummy820,,0,username_820,,username_820@gmail.com,0,1,2017-07-21,
821,dummy821,,0,username_821,,username_821@gmail.com,0,1,2012-02-23,
822,dummy822,,0,username_822,,username_822@gmail.com,0,1,2014-03-12,
823,dummy823,,0,username_823,,username_823@gmail.com,0,1,2011-06-25,
824,dummy824,,0,username_824,,username_824@gmail.com,0,1,2011-08-04,
825,dummy825,,0,username_825,,username_825@gmail.com,0,1,2020-08-09,
826,dummy826,,0,username_826,,username_826@gmail.com,0,1,2010-12-26,
827,dummy827,,0,username_827,,username_827@gmail.com,0,1,2018-05-15,
828,dummy828,,0,username_828,,username_828@gmail.com,0,1,2014-11-06,
829,dummy829,,0,username_829,,username_829@gmail.com,0,1,2019-06-09,
830,dummy830,,0,username_830,,username_830@gmail.com,0,1,2021-02-27,
831,dummy831,,0,username_831,,username_831@gmail.com,0,1,2015-08-25,
832,dummy832,,0,username_832,,username_832@gmail.com,0,1,2018-05-27,
833,dummy833,,0,username_833,,username_833@gmail.com,0,1,2021-06-13,
834,dummy834,,0,username_834,,username_834@gmail.com,0,1,2012-09-24,
835,dummy835,,0,username_835,,username_835@gmail.com,0,1,2020-03-31,
836,dummy836,,0,username_836,,username_836@gmail.com,0,1,2012-01-26,
837,dummy837,,0,username_837,,username_837@gmail.com,0,1,2010-10-24,
838,dummy838,,0,username_838,,username_838@gmail.com,0,1,2018-09-09,
839,dummy839,,0,username_839,,username_839@gmail.com,0,1,2023-11-21,
840,dummy840,,0,username_840,,username_840@gmail.com,0,1,2012-11-16,
841,dummy841,,0,username_841,,username_841@gmail.com,0,1,2014-12-24,
842,dummy842,,0,username_842,,username_842@gmail.com,0,1,2016-03-21,
843,dummy843,,0,username_843,,username_843@gmail.com,0,1,2023-05-15,
844,dummy844,,0,username_844,,username_844@gmail.com,0,1,2015-02-07,
845,dummy845,,0,username_845,,username_845@gmail.com,0,1,2023-09-26,
846,dummy846,,0,username_846,,username_846@gmail.com,0,1,2019-02-16,
847,dummy847,,0,username_847,,username_847@gmail.com,0,1,2010-07-29,
848,dummy848,,0,username_848,,username_848@gmail.com,0,1,2014-09-09,
849,dummy849,,0,username_849,,username_849@gmail.com,0,1,2017-04-15,
850,dummy850,,0,username_850,,username_850@gmail.com,0,1,2017-02-09,
851,dummy851,,0,username_851,,username_851@gmail.com,0,1,2015-11-27,
852,dummy852,,0,username_852,,username_852@gmail.com,0,1,2021-07-28,
853,dummy853,,0,username_853,,username_853@gmail.com,0,1,2011-02-11,
854,dummy854,,0,username_854,,username_854@gmail.com,0,1,2016-09-30,
855,dummy855,,0,username_855,,username_855@gmail.com,0,1,2016-03-14,
856,dummy856,,0,username_856,,username_856@gmail.com,0,1,2012-04-29,
857,dummy857,,0,username_857,,username_857@gmail.com,0,1,2018-06-30,
858,dummy858,,0,username_858,,username_858@gmail.com,0,1,2019-04-27,
859,dummy859,,0,username_859,,username_859@gmail.com,0,1,2021-05-18,
860,dummy860,,0,username_860,,username_860@gmail.com,0,1,2011-12-17,
861,dummy861,,0,username_861,,username_861@gmail.com,0,1,2013-08-26,
862,dummy862,,0,username_862,,username_862@gmail.com,0,1,2015-09-15,
863,dummy863,,0,username_863,,username_863@gmail.com,0,1,2011-04-28,
864,dummy864,,0,username_864,,username_864@gmail.com,0,1,2022-08-11,
865,dummy865,,0,username_865,,username_865@gmail.com,0,1,2016-07-27,
866,dummy866,,0,username_866,,username_866@gmail.com,0,1,2016-02-13,
867,dummy867,,0,username_867,,username_867@gmail.com,0,1,2020-07-07,
868,dummy868,,0,username_868,,username_868@gmail.com,0,1,2013-08-14,
869,dummy869,,0,username_869,,username_869@gmail.com,0,1,2015-03-26,
870,dummy870,,0,username_870,,username_870@gmail.com,0,1,2016-05-11,
871,dummy871,,0,username_871,,username_871@gmail.com,0,1,2013-10-28,
872,dummy872,,0,username_872,,username_872@gmail.com,0,1,2016-05-03,
873,dummy873,,0,username_873,,username_873@gmail.com,0,1,2013-11-06,
874,dummy874,,0,username_874,,username_874@gmail.com,0,1,2016-06-09,
875,dummy875,,0,username_875,,username_875@gmail.com,0,1,2021-08-12,
876,dummy876,,0,username_876,,username_876@gmail.com,0,1,2014-04-21,
877,dummy877,,0,username_877,,username_877@gmail.com,0,1,2010-08-14,
878,dummy878,,0,username_878,,username_878@gmail.com,0,1,2014-08-04,
879,dummy879,,0,username_879,,username_879@gmail.com,0,1,2017-10-02,
880,dummy880,,0,username_880,,username_880@gmail.com,0,1,2022-03-08,
881,dummy881,,0,username_881,,username_881@gmail.com,0,1,2020-07-08,
882,dummy882,,0,username_882,,username_882@gmail.com,0,1,2011-05-11,
883,dummy883,,0,username_883,,username_883@gmail.com,0,1,2013-11-30,
884,dummy884,,0,username_884,,username_884@gmail.com,0,1,2012-03-03,
885,dummy885,,0,username_885,,username_885@gmail.com,0,1,2012-08-11,
886,dummy886,,0,username_886,,username_886@gmail.com,0,1,2015-06-29,
887,dummy887,,0,username_887,,username_887@gmail.com,0,1,2022-08-27,
888,dummy888,,0,username_888,,username_888@gmail.com,0,1,2021-02-15,
889,dummy889,,0,username_889,,username_889@gmail.com,0,1,2010-06-21,
890,dummy890,,0,username_890,,username_890@gmail.com,0,1,2018-10-17,
891,dummy891,,0,username_891,,username_891@gmail.com,0,1,2018-09-21,
892,dummy892,,0,username_892,,username_892@gmail.com,0,1,2013-12-04,
893,dummy893,,0,username_893,,username_893@gmail.com,0,1,2016-05-12,
894,dummy894,,0,username_894,,username_894@gmail.com,0,1,2022-08-17,
895,dummy895,,0,username_895,,username_895@gmail.com,0,1,2013-07-25,
896,dummy896,,0,username_896,,username_896@gmail.com,0,1,2010-06-03,
897,dummy897,,0,username_897,,username_897@gmail.com,0,1,2020-11-14,
898,dummy898,,0,username_898,,username_898@gmail.com,0,1,2011-05-03,
899,dummy899,,0,username_899,,username_899@gmail.com,0,1,2014-09-09,
900,dummy900,,0,username_900,,username_900@gmail.com,0,1,2013-05-12,
901,dummy901,,0,username_901,,username_901@gmail.com,0,1,2018-01-06,
902,dummy902,,0,username_902,,username_902@gmail.com,0,1,2015-12-06,
903,dummy903,,0,username_903,,username_903@gmail.com,0,1,2020-10-01,
904,dummy904,,0,username_904,,username_904@gmail.com,0,1,2020-02-05,
905,dummy905,,0,username_905,,username_905@gmail.com,0,1,2013-02-21,
906,dummy906,,0,username_906,,username_906@gmail.com,0,1,2015-07-07,
907,dummy907,,0,username_907,,username_907@gmail.com,0,1,2021-05-17,
908,dummy908,,0,username_908,,username_908@gmail.com,0,1,2022-09-02,
909,dummy909,,0,username_909,,username_909@gmail.com,0,1,2023-11-25,
910,dummy910,,0,username_910,,username_910@gmail.com,0,1,2018-04-21,
911,dummy911,,0,username_911,,username_911@gmail.com,0,1,2011-04-26,
912,dummy912,,0,username_912,,username_912@gmail.com,0,1,2022-08-11,
913,dummy913,,0,username_913,,username_913@gmail.com,0,1,2018-06-09,
914,dummy914,,0,username_914,,username_914@gmail.com,0,1,2024-06-02,
915,dummy915,,0,username_915,,username_915@gmail.com,0,1,2024-01-29,
916,dummy916,,0,username_916,,username_916@gmail.com,0,1,2015-04-20,
917,dummy917,,0,username_917,,username_917@gmail.com,0,1,2016-03-20,
918,dummy918,,0,username_918,,username_918@gmail.com,0,1,2018-03-07,
919,dummy919,,0,username_919,,username_919@gmail.com,0,1,2018-08-31,
920,dummy920,,0,username_920,,username_920@gmail.com,0,1,2020-06-16,
921,dummy921,,0,username_921,,username_921@gmail.com,0,1,2021-10-14,
922,dummy922,,0,username_922,,username_922@gmail.com,0,1,2015-09-08,
923,dummy923,,0,username_923,,username_923@gmail.com,0,1,2015-11-09,
924,dummy924,,0,username_924,,username_924@gmail.com,0,1,2017-05-28,
925,dummy925,,0,username_925,,username_925@gmail.com,0,1,2013-05-15,
926,dummy926,,0,username_926,,username_926@gmail.com,0,1,2016-01-24,
927,dummy927,,0,username_927,,username_927@gmail.com,0,1,2010-08-30,
928,dummy928,,0,username_928,,username_928@gmail.com,0,1,2019-03-17,
929,dummy929,,0,username_929,,username_929@gmail.com,0,1,2014-09-20,
930,dummy930,,0,username_930,,username_930@gmail.com,0,1,2017-12-06,
931,dummy931,,0,username_931,,username_931@gmail.com,0,1,2023-09-20,
932,dummy932,,0,username_932,,username_932@gmail.com,0,1,2022-01-13,
933,dummy933,,0,username_933,,username_933@gmail.com,0,1,2024-10-09,
934,dummy934,,0,username_934,,username_934@gmail.com,0,1,2011-02-26,
935,dummy935,,0,username_935,,username_935@gmail.com,0,1,2018-10-30,
936,dummy936,,0,username_936,,username_936@gmail.com,0,1,2018-03-25,
937,dummy937,,0,username_937,,username_937@gmail.com,0,1,2013-01-29,
938,dummy938,,0,username_938,,username_938@gmail.com,0,1,2012-01-15,
939,dummy939,,0,username_939,,username_939@gmail.com,0,1,2019-04-03,
940,dummy940,,0,username_940,,username_940@gmail.com,0,1,2024-10-21,
941,dummy941,,0,username_941,,username_941@gmail.com,0,1,2021-05-04,
942,dummy942,,0,username_942,,username_942@gmail.com,0,1,2018-02-14,
943,dummy943,,0,username_943,,username_943@gmail.com,0,1,2013-04-18,
944,dummy944,,0,username_944,,username_944@gmail.com,0,1,2013-01-08,
945,dummy945,,0,username_945,,username_945@gmail.com,0,1,2012-06-07,
946,dummy946,,0,username_946,,username_946@gmail.com,0,1,2019-02-02,
947,dummy947,,0,username_947,,username_947@gmail.com,0,1,2013-07-15,
948,dummy948,,0,username_948,,username_948@gmail.com,0,1,2011-06-09,
949,dummy949,,0,username_949,,username_949@gmail.com,0,1,2024-07-27,
950,dummy950,,0,username_950,,username_950@gmail.com,0,1,2020-03-26,
951,dummy951,,0,username_951,,username_951@gmail.com,0,1,2012-05-22,
952,dummy952,,0,username_952,,username_952@gmail.com,0,1,2010-07-28,
953,dummy953,,0,username_953,,username_953@gmail.com,0,1,2018-06-06,
954,dummy954,,0,username_954,,username_954@gmail.com,0,1,2023-10-29,
955,dummy955,,0,username_955,,username_955@gmail.com,0,1,2017-12-20,
956,dummy956,,0,username_956,,username_956@gmail.com,0,1,2012-02-13,
957,dummy957,,0,username_957,,username_957@gmail.com,0,1,2022-02-28,
958,dummy958,,0,username_958,,username_958@gmail.com,0,1,2014-03-18,
959,dummy959,,0,username_959,,username_959@gmail.com,0,1,2018-10-19,
960,dummy960,,0,username_960,,username_960@gmail.com,0,1,2020-12-19,
961,dummy961,,0,username_961,,username_961@gmail.com,0,1,2024-12-12,
962,dummy962,,0,username_962,,username_962@gmail.com,0,1,2015-02-05,
963,dummy963,,0,username_963,,username_963@gmail.com,0,1,2013-09-30,
964,dummy964,,0,username_964,,username_964@gmail.com,0,1,2014-12-14,
965,dummy965,,0,username_965,,username_965@gmail.com,0,1,2020-12-19,
966,dummy966,,0,username_966,,username_966@gmail.com,0,1,2020-03-20,
967,dummy967,,0,username_967,,username_967@gmail.com,0,1,2020-05-08,
968,dummy968,,0,username_968,,username_968@gmail.com,0,1,2010-12-23,
969,dummy969,,0,username_969,,username_969@gmail.com,0,1,2010-01-14,
970,dummy970,,0,username_970,,username_970@gmail.com,0,1,2017-10-21,
971,dummy971,,0,username_971,,username_971@gmail.com,0,1,2013-08-20,
972,dummy972,,0,username_972,,username_972@gmail.com,0,1,2017-03-25,
973,dummy973,,0,username_973,,username_973@gmail.com,0,1,2021-05-19,
974,dummy974,,0,username_974,,username_974@gmail.com,0,1,2019-05-30,
975,dummy975,,0,username_975,,username_975@gmail.com,0,1,2024-12-24,
976,dummy976,,0,username_976,,username_976@gmail.com,0,1,2011-11-18,
977,dummy977,,0,username_977,,username_977@gmail.com,0,1,2013-01-17,
978,dummy978,,0,username_978,,username_978@gmail.com,0,1,2015-07-17,
979,dummy979,,0,username_979,,username_979@gmail.com,0,1,2014-03-03,
980,dummy980,,0,username_980,,username_980@gmail.com,0,1,2014-01-24,
981,dummy981,,0,username_981,,username_981@gmail.com,0,1,2011-01-23,
982,dummy982,,0,username_982,,username_982@gmail.com,0,1,2010-03-31,
983,dummy983,,0,username_983,,username_983@gmail.com,0,1,2022-11-13,
984,dummy984,,0,username_984,,username_984@gmail.com,0,1,2018-10-20,
985,dummy985,,0,username_985,,username_985@gmail.com,0,1,2012-10-28,
986,dummy986,,0,username_986,,username_986@gmail.com,0,1,2011-06-19,
987,dummy987,,0,username_987,,username_987@gmail.com,0,1,2024-09-26,
988,dummy988,,0,username_988,,username_988@gmail.com,0,1,2023-02-20,
989,dummy989,,0,username_989,,username_989@gmail.com,0,1,2023-04-23,
990,dummy990,,0,username_990,,username_990@gmail.com,0,1,2023-05-03,
991,dummy991,,0,username_991,,username_991@gmail.com,0,1,2021-10-21,
992,dummy992,,0,username_992,,username_992@gmail.com,0,1,2023-06-12,
993,dummy993,,0,username_993,,username_993@gmail.com,0,1,2024-04-25,
994,dummy994,,0,username_994,,username_994@gmail.com,0,1,2010-05-25,
995,dummy995,,0,username_995,,username_995@gmail.com,0,1,2013-11-25,
996,dummy996,,0,username_996,,username_996@gmail.com,0,1,2011-06-16,
997,dummy997,,0,username_997,,username_997@gmail.com,0,1,2018-05-31,
998,dummy998,,0,username_998,,username_998@gmail.com,0,1,2020-02-23,
999,dummy999,,0,username_999,,username_999@gmail.com,0,1,2018-03-02,
1000,dummy1000,,0,username_1000,,username_1000@gmail.com,0,1,2019-05-05,
